#,Full Name,Pos.,Ht.,Year,Hometown,Previous School,ImageURL,Team,hometown_class
3,Ella Brubaker,G,6-0,Graduate Student,"University Place, WA",The Master's / Pepperdine,https://goseattleu.com/imgproxy/8wjRPnIdRZZIbDOXp3TME-SUmsnEUYX3bvwlw-7XL-4/rs:fit:1980:0:0/g:ce/q:90/aHR0cHM6Ly9zdG9yYWdlLmdvb2dsZWFwaXMuY29tL2dvc2VhdHRsZXUtY29tLXByb2QvMjAyNS8xMC8wOS9NUEZSb0RjVmpqaFFvcktheXN5YnBnY2cwQmNOSGRjR1RyWGk2MXFVLnBuZw.png,seattle,us_nonca
4,Fia Proctor,F,6-2,Sophomore,"Bothell, WA",Wyoming,https://goseattleu.com/imgproxy/lT84Eiib8dxXLjZTLzwcEEjJ57UGhnWaudg-BO-H7HA/rs:fit:1980:0:0/g:ce/q:90/aHR0cHM6Ly9zdG9yYWdlLmdvb2dsZWFwaXMuY29tL2dvc2VhdHRsZXUtY29tLXByb2QvMjAyNS8xMC8wOS9MNzlmZG5sVG5ROXRNQzVnR3dCUnJkV09lakFQcDVIRGFDYWZKaWxXLnBuZw.png,seattle,us_nonca
5,Dylan Mogel,G,5-9,Freshman,"Clackamas, OR",,https://goseattleu.com/imgproxy/GjzClbkFb4-W9mtTVxl3VaZ_1ZrH0WCOQzp4uRrZF3I/rs:fit:1980:0:0/g:ce/q:90/aHR0cHM6Ly9zdG9yYWdlLmdvb2dsZWFwaXMuY29tL2dvc2VhdHRsZXUtY29tLXByb2QvMjAyNS8xMC8wOS9TUWt3dnhLbXM5VHFUeGVCY2dCenlwc0ZnMmdkbWdiY3JVQTZzN2xxLnBuZw.png,seattle,us_nonca
6,Andjela Bigovic,F,6-5,Graduate Student,"Herceg Novi, Montenegro",Cochise College / Tarleton State,https://goseattleu.com/imgproxy/ds2UsutAxUfSsMMBunNd2IIBY9_GXOiNYonQM8yQQzA/rs:fit:1980:0:0/g:ce/q:90/aHR0cHM6Ly9zdG9yYWdlLmdvb2dsZWFwaXMuY29tL2dvc2VhdHRsZXUtY29tLXByb2QvMjAyNS8xMC8wOS9EbzRuSnI2WWtHcW1uOGx1Y2xaY1RrV004Y0pzN0EySldpczdPbUYxLnBuZw.png,seattle,intl
7,Lucija Milkovic,C,6-6,Junior,"Sibenik, Croatia",Missouri,https://goseattleu.com/imgproxy/Y2iEJjG--ZJ35FBiK4Lfio9DERkR5zXEcJ3JCMnnyuc/rs:fit:1980:0:0/g:ce/q:90/aHR0cHM6Ly9zdG9yYWdlLmdvb2dsZWFwaXMuY29tL2dvc2VhdHRsZXUtY29tLXByb2QvMjAyNS8xMC8wOS9tZktnSEdkYmZETFdsa0FyeG8xbnpleDd1MWUzd0dtZjlwclpUUTdiLnBuZw.png,seattle,intl
8,Chloe Emanga,G,5-9,Freshman,"Marbach Am Neckar, Germany",BasCats USC Heidelberg,https://goseattleu.com/imgproxy/CfoRoMa7CQBDPXJA4SEv1d8OKSy4StWqGvLxTi4JMhE/rs:fit:1980:0:0/g:ce/q:90/aHR0cHM6Ly9zdG9yYWdlLmdvb2dsZWFwaXMuY29tL2dvc2VhdHRsZXUtY29tLXByb2QvMjAyNS8xMC8wOS82UEdENGZvZk16NVFVNFA5c01DWVBOQjhaWFo5T1NPRzc4SVVpa0dvLnBuZw.png,seattle,intl
9,Jana Vesic,G,5-7,Freshman,"Belgrade, Serbia",,https://goseattleu.com/imgproxy/TRnpsePGP3bf6OKdSgsSEGk-j81iVKC0DE6AWhSOSU0/rs:fit:1980:0:0/g:ce/q:90/aHR0cHM6Ly9zdG9yYWdlLmdvb2dsZWFwaXMuY29tL2dvc2VhdHRsZXUtY29tLXByb2QvMjAyNS8xMC8wOS9VR2ZLc3FydXkyV0Z1MkZiTkk0Q0pySkhld3cyM1VEZVhHMWs3ZVMxLnBuZw.png,seattle,intl
14,Tamia Stricklin,F,6-0,R-Sr.,"Renton, WA",Fresno State,https://goseattleu.com/imgproxy/hqdnYu8VbJjGaIhA0nssmoz8bxDh7cCPZKb3zncEwM4/rs:fit:1980:0:0/g:ce/q:90/aHR0cHM6Ly9zdG9yYWdlLmdvb2dsZWFwaXMuY29tL2dvc2VhdHRsZXUtY29tLXByb2QvMjAyNS8xMC8wOS9qT3o1QmpZSnVodGU0TnVub0dXUDAwQ3dFellYalM3UEZWbnpsSmR5LnBuZw.png,seattle,us_nonca
21,Aaliyah Ibarra,G,5-8,Senior,"Las Vegas, NV",Utah Tech,https://goseattleu.com/imgproxy/_TvXo-Wd26emOYoDBaIWFf6n66GR8yidVSZMwYhfao4/rs:fit:1980:0:0/g:ce/q:90/aHR0cHM6Ly9zdG9yYWdlLmdvb2dsZWFwaXMuY29tL2dvc2VhdHRsZXUtY29tLXByb2QvMjAyNS8xMC8wOS91UE5TTnZHY2JrQ1J6WWlkTXVwZE9Ta1J3Q1pnWUkxeE9nN1RSa2VCLnBuZw.png,seattle,us_nonca
22,Lucy Larson,G,5-10,Sophomore,"Seattle, WA",,https://goseattleu.com/imgproxy/dR1mTc9WB43roTFVu20B6gcm0knq8UA90sb7kmGCh0Y/rs:fit:1980:0:0/g:ce/q:90/aHR0cHM6Ly9zdG9yYWdlLmdvb2dsZWFwaXMuY29tL2dvc2VhdHRsZXUtY29tLXByb2QvMjAyNS8xMC8wOS8zWXVFQnJjUkFCSzJ6VVB2ejhTQnFFdHY0M0o4clh1WVAyUnRqSlZ3LnBuZw.png,seattle,us_nonca
24,Sydnie Rodriguez,G,6-0,Sophomore,"Boise, ID",Owhyee HS,https://goseattleu.com/imgproxy/coiLDNnfD4ptGSHU6KNsQGAz0cK2mGzljSZiA1gw3wc/rs:fit:1980:0:0/g:ce/q:90/aHR0cHM6Ly9zdG9yYWdlLmdvb2dsZWFwaXMuY29tL2dvc2VhdHRsZXUtY29tLXByb2QvMjAyNS8xMC8wOS85RENVaGt6T2NWaUlaMWMySEJLck1YeTM4a1Q4aWN3RnhJRHBzQzlzLnBuZw.png,seattle,us_nonca
0,Tiara Bolden,G,5-11,Gr.,"Eugene, OR",,https://images.sidearmdev.com/crop?url=https%3A%2F%2Fdxbhsrqyrr690.cloudfront.net%2Fsidearm.nextgen.sites%2Foregonstate.sidearmsports.com%2Fimages%2F2024%2F10%2F2%2FWBB_Headshot-9.jpg&width=603&height=803&gravity=north&type=webp,osu,us_nonca
1,Kennedie Shuler,G,5-10,Jr.,"Gresham, OR",,https://images.sidearmdev.com/crop?url=https%3A%2F%2Fdxbhsrqyrr690.cloudfront.net%2Fsidearm.nextgen.sites%2Foregonstate.sidearmsports.com%2Fimages%2F2024%2F10%2F2%2FWBB_Headshot-2.jpg&width=603&height=803&gravity=north&type=webp,osu,us_nonca
2,Katelyn Field,G,5-11,Fr.,"Melbourne, Australia",,https://images.sidearmdev.com/crop?url=https%3A%2F%2Fdxbhsrqyrr690.cloudfront.net%2Fsidearm.nextgen.sites%2Foregonstate.sidearmsports.com%2Fimages%2F2025%2F5%2F12%2FKF_Headshot.jpg&width=603&height=803&gravity=north&type=webp,osu,intl
3,Jenna Villa,G,6-1,Jr.,"Arlington, WA",,https://images.sidearmdev.com/crop?url=https%3A%2F%2Fdxbhsrqyrr690.cloudfront.net%2Fsidearm.nextgen.sites%2Foregonstate.sidearmsports.com%2Fimages%2F2025%2F5%2F12%2F25WBB_Recruit_Jenna_Villa_0009.jpg&width=603&height=803&gravity=north&type=webp,osu,us_nonca
4,Ally Schimel,G,5-10,So.,"Corbett, OR",,https://images.sidearmdev.com/crop?url=https%3A%2F%2Fdxbhsrqyrr690.cloudfront.net%2Fsidearm.nextgen.sites%2Foregonstate.sidearmsports.com%2Fimages%2F2024%2F10%2F2%2FWBB_Headshot-6.jpg&width=603&height=803&gravity=north&type=webp,osu,us_nonca
7,Lucia Navarro,G,6-0,Jr.,"Valencia, Spain",,https://images.sidearmdev.com/crop?url=https%3A%2F%2Fdxbhsrqyrr690.cloudfront.net%2Fsidearm.nextgen.sites%2Foregonstate.sidearmsports.com%2Fimages%2F2024%2F10%2F2%2FWBB_Headshot-12.jpg&width=603&height=803&gravity=north&type=webp,osu,intl
10,Susana Yepes,F,6-0,R-Sr.,"Medellin, Colombia",,https://images.sidearmdev.com/crop?url=https%3A%2F%2Fdxbhsrqyrr690.cloudfront.net%2Fsidearm.nextgen.sites%2Foregonstate.sidearmsports.com%2Fimages%2F2024%2F10%2F2%2FWBB_Headshot-11.jpg&width=603&height=803&gravity=north&type=webp,osu,intl
12,Mackenzie Shivers,G,5-6,R-Jr.,"Mesa, AZ",,https://images.sidearmdev.com/crop?url=https%3A%2F%2Fdxbhsrqyrr690.cloudfront.net%2Fsidearm.nextgen.sites%2Foregonstate.sidearmsports.com%2Fimages%2F2024%2F10%2F2%2FWBB_Headshot-8.jpg&width=603&height=803&gravity=north&type=webp,osu,us_nonca
15,Lizzy Williamson,F,6-5,Gr.,"Adelaide, Australia",,https://images.sidearmdev.com/crop?url=https%3A%2F%2Fdxbhsrqyrr690.cloudfront.net%2Fsidearm.nextgen.sites%2Foregonstate.sidearmsports.com%2Fimages%2F2025%2F5%2F16%2F25WBB_Recruit_Lizzy_Williamson_0037.jpg&width=603&height=803&gravity=north&type=webp,osu,intl
16,Elisa Mehyar,F,6-5,So.,"Copenhagen, Denmark",,https://images.sidearmdev.com/crop?url=https%3A%2F%2Fdxbhsrqyrr690.cloudfront.net%2Fsidearm.nextgen.sites%2Foregonstate.sidearmsports.com%2Fimages%2F2024%2F10%2F2%2FWBB_Headshot-10.jpg&width=603&height=803&gravity=north&type=webp,osu,intl
22,Lara Alonso-Basurto,F,6-3,Fr.,"Madrid, Spain",,https://images.sidearmdev.com/crop?url=https%3A%2F%2Fdxbhsrqyrr690.cloudfront.net%2Fsidearm.nextgen.sites%2Foregonstate.sidearmsports.com%2Fimages%2F2024%2F10%2F2%2FWBB_Headshot-10.jpg&width=603&height=803&gravity=north&type=webp,osu,intl
25,Keira Lindemans,G,6-0,Fr.,"Melbourne, Australia",,https://images.sidearmdev.com/crop?url=https%3A%2F%2Fdxbhsrqyrr690.cloudfront.net%2Fsidearm.nextgen.sites%2Foregonstate.sidearmsports.com%2Fimages%2F2025%2F5%2F12%2FKL_Headshot.jpg&width=603&height=803&gravity=north&type=webp,osu,intl
30,Catarina Ferreira,G,6-0,Gr.,"Sao Paulo, Brazil",,https://images.sidearmdev.com/crop?url=https%3A%2F%2Fdxbhsrqyrr690.cloudfront.net%2Fsidearm.nextgen.sites%2Foregonstate.sidearmsports.com%2Fimages%2F2024%2F10%2F2%2FWBB_Headshot-7.jpg&width=603&height=803&gravity=north&type=webp,osu,intl
31,Cloe Vecina,G,5-8,So.,"Vigo, Spain",,https://images.sidearmdev.com/crop?url=https%3A%2F%2Fdxbhsrqyrr690.cloudfront.net%2Fsidearm.nextgen.sites%2Foregonstate.sidearmsports.com%2Fimages%2F2024%2F10%2F2%2FWBB_Headshot-5.jpg&width=603&height=803&gravity=north&type=webp,osu,intl
32,Néné Sow,C,6-8,R-Sr.,"Brussels, Belgium",,https://images.sidearmdev.com/crop?url=https%3A%2F%2Fdxbhsrqyrr690.cloudfront.net%2Fsidearm.nextgen.sites%2Foregonstate.sidearmsports.com%2Fimages%2F2025%2F5%2F12%2F25WBB_Recruit_Ne_ne__Sow_0060.jpg&width=603&height=803&gravity=north&type=webp,osu,intl
0,Ivory Finley,G,5-10,Gr.,"Minneapolis, MN",Utah State,https://daitadul56i2n.cloudfront.net/images/2025/9/26/0_ivory.jpg?width=80&quality=90,pepperdine,us_nonca
1,Taija Sta. Maria,G,5-6,Jr.,"Toronto, Ontario, Canada",Fresno State,https://daitadul56i2n.cloudfront.net/images/2025/9/26/1_taija.jpg?width=80&quality=90,pepperdine,intl
2,Ellison Guiney,G,5-11,So.,"Goodyear, AZ",UNLV,https://daitadul56i2n.cloudfront.net/images/2025/9/26/2_guiney.jpg?width=80&quality=90,pepperdine,us_nonca
3,Bella Green,G,6-0,Gr.,"Perth, Australia",University of West Florida,https://daitadul56i2n.cloudfront.net/images/2025/9/26/3_green.jpg?width=80&quality=90,pepperdine,intl
10,Ilinca Belegante,G,6-0,Fr.,"Bucharest, Romania",,https://daitadul56i2n.cloudfront.net/images/2025/9/26/10_Ilinca.jpg?width=80&quality=90,pepperdine,intl
11,Quinn VanSickle,G,5-8,Fr.,"Castle Rock, CO",,https://daitadul56i2n.cloudfront.net/images/2025/9/26/11_quinn.jpg?width=80&quality=90,pepperdine,us_nonca
12,Shorna Preston,F,6-1,Jr.,"Christchurch, New Zealand",Dodge City Community College,https://daitadul56i2n.cloudfront.net/images/2025/9/26/12_Shorna.jpg?width=80&quality=90,pepperdine,intl
13,Meghan Fiso,G,5-10,Gr.,"Seattle, WA",San Diego State,https://daitadul56i2n.cloudfront.net/images/2025/9/26/13_meghan.jpg?width=80&quality=90,pepperdine,us_nonca
22,Lina Falk,G,6-2,Jr.,"Wolfenbüttel, Germany",Sacramento State,https://daitadul56i2n.cloudfront.net/images/2025/9/26/22_lina.jpg?width=80&quality=90,pepperdine,intl
30,Seleh Harmon,G,5-10,Fr.,"Norman, OK",,https://daitadul56i2n.cloudfront.net/images/2025/9/26/30_seleh.jpg?width=80&quality=90,pepperdine,us_nonca
31,Irune Orio,F,6-2,Sr.,"Balmaseda, Spain",Sacramento State / Xavier,https://daitadul56i2n.cloudfront.net/images/2025/9/26/31_irune.jpg?width=80&quality=90,pepperdine,intl
44,Zoe Shanahan,F,6-2,Fr.,"Melbourne, Australia",,https://daitadul56i2n.cloudfront.net/images/2025/9/26/44_Zoe.jpg?width=80&quality=90,pepperdine,intl
1,Paige Lofing,G,5-9,Fr.,"Billings, MT",,https://d2jpxbzntgxotn.cloudfront.net/images/2025/9/10/paige_lofing-2059.JPG?width=80&quality=90,gonzaga,us_nonca
2,Vera Gunaydin,G,5-9,Sr.,"Ankara, Turkey",South Georgia Tech,https://d2jpxbzntgxotn.cloudfront.net/images/2025/9/10/vera_gunaydin-7778.JPG?width=80&quality=90,gonzaga,intl
3,Julia Wilson,G,5-10,Fr.,"Temecula, CA",Rancho Christian HS,https://d2jpxbzntgxotn.cloudfront.net/images/2025/9/10/julia_wilson-7070.JPG?width=80&quality=90,gonzaga,us_ca
4,Sierra Lichtie,F,6-0,Gr.,"Riverton, UT",Cal Poly,https://d2jpxbzntgxotn.cloudfront.net/images/2025/9/10/sierra_lichtie-8103.JPG?width=80&quality=90,gonzaga,us_nonca
8,Ines Bettencourt,G,5-9,Sr.,"Sao Miguel, Portugal",UConn,https://d2jpxbzntgxotn.cloudfront.net/images/2025/9/10/ines_bettencourt-6446.JPG?width=80&quality=90,gonzaga,intl
11,Allie Turner,G,5-8,So.,"St. Louis, MO",John Burroughs HS,https://d2jpxbzntgxotn.cloudfront.net/images/2025/9/10/new_allie_pic.JPG?width=80&quality=90,gonzaga,us_nonca
12,Christabel Osarobo,G,5-11,So.,"Tudela, Spain",Ipswich Basketball Academy,https://d2jpxbzntgxotn.cloudfront.net/images/2025/9/10/christabel_osarobo-7880-3.JPG?width=80&quality=90,gonzaga,intl
20,Taylor Smith,F,6-2,Jr.,"Pocatello, ID",Weber State,https://d2jpxbzntgxotn.cloudfront.net/images/2025/9/10/taylor_smith-1502.JPG?width=80&quality=90,gonzaga,us_nonca
22,McKynnlie Dalan,F,6-0,Jr.,"Montesano, WA",Minnesota,https://d2jpxbzntgxotn.cloudfront.net/images/2025/9/10/mckynnlie_dalan.JPG?width=80&quality=90,gonzaga,us_nonca
23,Jaiden Haile,F,6-2,Fr.,"Fargo, ND",West Fargo Horace HS,https://d2jpxbzntgxotn.cloudfront.net/images/2025/9/10/jaiden_haile.JPG?width=80&quality=90,gonzaga,us_nonca
24,Teryn Gardner,G,5-10,So.,"Spokane, WA",Boise State,https://d2jpxbzntgxotn.cloudfront.net/images/2025/9/10/teryn_gardner-7278.JPG?width=80&quality=90,gonzaga,us_nonca
33,Lauren Whittaker,F,6-3,R-Fr.,"Canterbury, New Zealand",,https://d2jpxbzntgxotn.cloudfront.net/images/2025/9/10/lauren_whittaker-1119.JPG?width=80&quality=90,gonzaga,intl
55,Zeryhia Aokuso,G,5-10,Jr.,"Amarillo, TX",Saint Mary's,https://d2jpxbzntgxotn.cloudfront.net/images/2025/9/10/zerhyia_aokuso-7494.JPG?width=80&quality=90,gonzaga,us_nonca
0,Jess Lawson,G,5-7,Gr.,"Las Vegas, NV",Central Michigan,https://d2vhz6gv4pigvw.cloudfront.net/images/2025/10/2/Jess_Lawson.jpg?width=80&quality=90,lmu,us_nonca
2,Mari Somvichian,G,5-4,Jr.,"Oakland, CA",,https://d2vhz6gv4pigvw.cloudfront.net/images/2025/10/2/Mari_Somvichian.jpg?width=80&quality=90,lmu,us_ca
4,Allison Clarke,G,5-11,So.,"Anaheim, CA",,https://d2vhz6gv4pigvw.cloudfront.net/images/2025/10/2/Allison_Clarke.jpg?width=80&quality=90,lmu,us_ca
5,Carly Heidger,G,6-3,Sr.,"Dacula, GA",Samford,https://d2vhz6gv4pigvw.cloudfront.net/images/2025/10/2/Carly_Heidger.jpg?width=80&quality=90,lmu,us_nonca
7,Ana Milanovic,F,6-2,So.,"Belgrade, Serbia",Middle Tennessee,https://d2vhz6gv4pigvw.cloudfront.net/images/2025/10/2/Ana_Milanovic.jpg?width=80&quality=90,lmu,intl
10,Lova Lagerlid,G,6-1,So.,"Stockholm, Sweden",Colorado,https://d2vhz6gv4pigvw.cloudfront.net/images/2025/10/2/Lova_Lagerlid.jpg?width=80&quality=90,lmu,intl
13,Ivana Krajina,G,5-11,Sr.,"Kastel Novi, Croatia",Texas Tech,https://d2vhz6gv4pigvw.cloudfront.net/images/2025/10/2/Ivana_Krajina.jpg?width=80&quality=90,lmu,intl
22,Alia Matavao,F,6-0,Jr.,"Las Vegas, NV",BYU,https://d2vhz6gv4pigvw.cloudfront.net/images/2025/10/2/Ali_a_Matavao.jpg?width=80&quality=90,lmu,us_nonca
24,Kayla Jones,F,6-0,Jr.,"Norman, OK",Grayson College,https://d2vhz6gv4pigvw.cloudfront.net/images/2025/10/2/Kayla_Jones.jpg?width=80&quality=90,lmu,us_nonca
28,Andjela Matic,G,5-9,Sr.,"Ub, Serbia",Duquesne,https://d2vhz6gv4pigvw.cloudfront.net/images/2025/10/2/Andjela_Matic.jpg?width=80&quality=90,lmu,intl
30,Paula Reus Piza,F,6-1,Gr.,"Palma De Mallorca, Spain",New Mexico,https://d2vhz6gv4pigvw.cloudfront.net/images/2025/10/2/Paula_Reus_Piza.jpg?width=80&quality=90,lmu,intl
54,Zawadi Ogot,G,5-11,So.,"Upland, CA",,https://d2vhz6gv4pigvw.cloudfront.net/images/2025/10/2/Zawadi_Ogot.jpg?width=80&quality=90,lmu,us_ca
55,Maya Hernandez,F,6-0,Jr.,"San Jose, CA",,https://d2vhz6gv4pigvw.cloudfront.net/images/2025/10/2/Maya_Hernandez.jpg?width=80&quality=90,lmu,us_ca
2,Aniya Hooker,G,5-8,So.,"Lynnwood, WA",,https://santaclarabroncos.com/images/2025/9/18/hooker_aniyaDJR13246.JPG?width=80&quality=90,santa clara,us_nonca
3,Kate Schat,G,5-9,Fr.,"Redwood Valley, CA",,https://santaclarabroncos.com/images/2025/9/18/schat_katieDJR13224.JPG?width=80&quality=90,santa clara,us_ca
4,Maddy Warberg,G,5-11,Fr.,"Eugene, OR",,https://santaclarabroncos.com/images/2025/9/18/warberg_maddyDJR13195.JPG?width=80&quality=90,santa clara,us_nonca
5,Sara Schmerbach,G,5-11,Fr.,"South Medford, OR",,https://santaclarabroncos.com/images/2025/9/18/schimerbach_saraDJR13228.JPG?width=80&quality=90,santa clara,us_nonca
6,Sienna Grieger,G,5-9,Fr.,"West Adelaide, Australia",,https://santaclarabroncos.com/images/2025/9/18/grieger_siennaDJR13186.JPG?width=80&quality=90,santa clara,intl
9,Maia Jones,G,5-10,R-Jr.,"Tasman, New Zealand",,https://santaclarabroncos.com/images/2025/9/18/jones_maiaDJR13254.JPG?width=80&quality=90,santa clara,intl
10,Lauren Grover,F,6-1,Sr.,"Corona, CA",,https://santaclarabroncos.com/images/2025/9/18/grover_laurenDJR13261.JPG?width=80&quality=90,santa clara,us_ca
11,Alana Goodchild,F,6-2,Sr.,"Sydney, Australia",,https://santaclarabroncos.com/images/2025/9/18/goodchild_alannaDJR13217.JPG?width=80&quality=90,santa clara,intl
12,Sophie Glancey,F,6-2,Gr.,"Boise, ID",,https://santaclarabroncos.com/images/2025/9/18/glancey_sophieDJR13209_dcKrR.JPG?width=80&quality=90,santa clara,us_nonca
13,Ava Schmidt,F,6-2,Jr.,"Sammamish, WA",,https://santaclarabroncos.com/images/2025/9/18/schmidt_avaDJR13235.JPG?width=80&quality=90,santa clara,us_nonca
20,Delainey Miller,G,5-10,Fr.,"Aurora, CO",,https://santaclarabroncos.com/images/2025/9/18/miller_delaneyDJR13189.JPG?width=80&quality=90,santa clara,us_nonca
23,Ashley Hawkins,G,5-6,Gr.,"Long Beach, CA",,https://santaclarabroncos.com/images/2025/9/18/hawkins_ashleyDJR13268.JPG?width=80&quality=90,santa clara,us_ca
24,Reilly Clark,G,5-10,R-So.,"Tucson, AZ",,https://santaclarabroncos.com/images/2025/9/18/clark_reillyDJR13192.JPG?width=80&quality=90,santa clara,us_nonca
30,Kylee Fox,F,5-11,Jr.,"Richland, WA",,https://santaclarabroncos.com/images/2025/9/18/fox_kyleeDJR13231_lFMvf.JPG?width=80&quality=90,santa clara,us_nonca
34,Tyler Gildersleeve-Stiles,F,6-1,Fr.,"Snohomish, WA",,https://images.sidearmdev.com/resize?url=https%3a%2f%2fdbukjj6eu5tsf.cloudfront.net%2fsidearm.sites%2fsantaclara.sidearmsports.com%2fimages%2f2025%2f9%2f18%2fgildersleevestiles_tylerDJR13266_mSdFb.JPG&width=80&type=webp&quality=90,santa clara,us_nonca
0,Jada Hunter,G,5-10,Jr.,"Vallejo, CA",Laney College,https://duq7p5k7s6jsa.cloudfront.net/images/2024/10/5/Jada_Hunter.png?width=80&quality=90,smc,us_ca
2,Amy Kurkowski,G,6-1,So.,"Melbourne, Australia",,https://duq7p5k7s6jsa.cloudfront.net/images/2024/10/5/Amy_Kurkowski.png?width=80&quality=90,smc,intl
3,Mauriana Hashemian-Orr,G,5-7,So.,"Portland, OR",,https://duq7p5k7s6jsa.cloudfront.net/images/2024/10/17/MHO.jpg?width=80&quality=90,smc,us_nonca
4,Charlece Ohiaeri,G,6-1,Jr.,"Las Vegas, NV",Depaul,https://duq7p5k7s6jsa.cloudfront.net/images/2025/7/8/Charlece_Ohiaeri_Summer_Headshot.png?width=80&quality=90,smc,us_nonca
5,Abigail Shoff,F,6-0,Jr.,"Redding, CA",Long Beach State,https://duq7p5k7s6jsa.cloudfront.net/images/2024/10/5/Abigail_Shoff.png?width=80&quality=90,smc,us_ca
7,Edie Clarke,F,6-4,So.,"Melbourne, Australia",,https://duq7p5k7s6jsa.cloudfront.net/images/2024/10/5/Edie_Clarke.png?width=80&quality=90,smc,intl
8,Emily Foy,G,6-1,Jr.,"Newcastle, Australia",,https://duq7p5k7s6jsa.cloudfront.net/images/2024/10/5/Emily_Foy.png?width=80&quality=90,smc,intl
10,Georgia Grigoropoulou,F,6-3,Sr.,"Athens, Greece",Santa Clara,https://duq7p5k7s6jsa.cloudfront.net/images/2025/7/8/Georgia_Grigoropoulou_Summer_Headshot.png?width=80&quality=90,smc,intl
11,Coco Urlacher,G,5-10,Fr.,"Palatine, IL",,https://duq7p5k7s6jsa.cloudfront.net/images/2025/7/8/Coco_Urlacher_Summer_Headshot.png?width=80&quality=90,smc,us_nonca
13,Malia Latu,G,5-8,Gr.,"East Palo Alto, CA",Santa Clara,https://duq7p5k7s6jsa.cloudfront.net/images/2025/7/8/Malia_Latu_Summer_Headshot.png?width=80&quality=90,smc,us_ca
22,Melesungu Afeaki,F,6-2,Sr.,"San Bruno, CA",University of San Diego,https://duq7p5k7s6jsa.cloudfront.net/images/2024/10/5/Melesungu_Afeaki.png?width=80&quality=90,smc,us_ca
23,Addi Wedin,G,5-10,R-Jr.,"Happy Valley, OR",,https://duq7p5k7s6jsa.cloudfront.net/images/2024/10/17/AW.jpg?width=80&quality=90,smc,us_nonca
24,Colleena Bryant,G,5-7,Fr.,"Detroit, MI",,https://duq7p5k7s6jsa.cloudfront.net/images/2025/7/8/Colleena_Bryant_Summer_Headshot.png?width=80&quality=90,smc,us_nonca
33,Ella Wedin,G,6-1,R-So.,"Happy Valley, OR",LMU,https://duq7p5k7s6jsa.cloudfront.net/images/2024/10/5/Ella_Wedin.png?width=80&quality=90,smc,us_nonca
2,Mali Ennis,G,5-10,Sr.,"Burlingame, CA",Saint Mary's College,https://pacifictigers.com/images/2025/10/20/Mali_Ennis.png?width=80&quality=90,pacific,us_ca
3,Hannah Burg,G,5-6,Sr.,"Colorado Springs, CO",Augustana (SD),https://pacifictigers.com/images/2025/10/20/Hannah_Burg.png?width=80&quality=90,pacific,us_nonca
5,Stella Szabo,G,5-11,R-So.,"Stockholm, Sweden",Luleaa Gymnasieskola,https://pacifictigers.com/images/2025/10/20/Stella_Szabo.png?width=80&quality=90,pacific,intl
7,Liv Yergensen,G,5-11,Fr.,"El Dorado Hills, CA",Oak Ridge HS,https://pacifictigers.com/images/2025/10/20/Liv_Yergensen.png?width=80&quality=90,pacific,us_ca
8,Sophia Mindermann,G,5-10,Fr.,"Folsom, CA",Folsom HS,https://pacifictigers.com/images/2025/10/20/Sophia_Mindermann.png?width=80&quality=90,pacific,us_ca
9,Marina Radocaj,G/F,6-3,Jr.,"Richmond, Canada",Arizona State / R.A. McMath Secondary School,https://pacifictigers.com/images/2025/10/20/Marina_Radocaj.png?width=80&quality=90,pacific,intl
10,Sydney Ward,G/F,6-0,Sr.,"Houston, TX",The Village,https://pacifictigers.com/images/2025/10/20/Sydney_Ward.png?width=80&quality=90,pacific,us_nonca
11,Luisa Anderegg,F,6-2,Sr.,"Cologne, Germany",Midland College,https://pacifictigers.com/images/2025/10/20/Luisa_Anderegg.png?width=80&quality=90,pacific,intl
15,Nyah Lowery,G,5-11,Jr.,"Sacramento, CA",Saint Mary's,https://pacifictigers.com/images/2025/10/20/Nyah_Lowery.png?width=80&quality=90,pacific,us_ca
21,Daria Nestorov,G,5-4,So.,"Zrenjanin, Serbia",Gymnasium Kraljevo,https://pacifictigers.com/images/2025/10/20/Daria_Nestorov.png?width=80&quality=90,pacific,intl
23,Kenlee Durrill,G,5-10,R-So.,"Denver, CO",Flat Irons,https://pacifictigers.com/images/2025/10/20/Kenlee_Durrill.png?width=80&quality=90,pacific,us_nonca
24,LaMiracle Lebon,F,6-3,Fr.,"Columbus, MS",Vanden HS,https://pacifictigers.com/images/2025/10/20/LaMiracle_Lebon.png?width=80&quality=90,pacific,us_nonca
25,Winner Bartholomew,F,6-1,So.,"Abuja, Nigeria",Rider,https://pacifictigers.com/images/2025/10/20/Winner_Bartholomew.png?width=80&quality=90,pacific,intl
32,Tyla Fautua,F,6-0,So.,"Brisbane, Australia",Southern Districts Spartans,https://pacifictigers.com/images/2025/10/20/Tyla_Fautua.png?width=80&quality=90,pacific,intl
2,Mara Neira,G,5-9,Gr.,"Baiona, Spain",Presbyterian/Appalachian State,https://drtye9aslmeh1.cloudfront.net/images/2025/10/14/2_Mara_Neira_Headshot.jpg?width=80&quality=90,usf,intl
3,Noelia Mourino,F,6-2,Fr.,"O Porrino, Spain",Segle XXI Barcelona,https://drtye9aslmeh1.cloudfront.net/images/2025/10/14/3_Noelia_Mourino_Headshot.jpg?width=80&quality=90,usf,intl
4,Meghan McIntyre,G,5-6,Gr.,"Garden Grove, CA",Southern Oregon/Orange Coast CC/Golden West CC,https://drtye9aslmeh1.cloudfront.net/images/2025/10/14/4_Meghan_McIntyre_Headshot.jpg?width=80&quality=90,usf,us_ca
7,Nevaeh Ferrara Horne,F,6-2,Jr.,"Regina, Saskatchewan, Canada",North Dakota,https://drtye9aslmeh1.cloudfront.net/images/2025/10/14/7_Nevaeh_Ferrera_Horne_Headshot.jpg?width=80&quality=90,usf,intl
9,Aina Cargol,G,5-9,Fr.,"Olot, Spain",Spar Girona,https://drtye9aslmeh1.cloudfront.net/images/2025/10/14/9_Aina_Cargol_Headshot.jpg?width=80&quality=90,usf,intl
10,Amy Pateman,G,5-8,Fr.,"Auckland, New Zealand",Westlake Girls High School,https://drtye9aslmeh1.cloudfront.net/images/2025/10/14/10_Amy_Pateman_Headshot.jpg?width=80&quality=90,usf,intl
12,Natasa Tausova,F,6-3,Fr.,"Poprad, Slovakia",Piestanske Cajky,https://drtye9aslmeh1.cloudfront.net/images/2025/10/14/12_Natasa_Tausova_Headshot.jpg?width=80&quality=90,usf,intl
14,Michelle Ugwah,F,6-1,R-So.,"Cork, Ireland",Morehead State,https://drtye9aslmeh1.cloudfront.net/images/2025/10/14/14_Michelle_Ugwah_Headshot.jpg?width=80&quality=90,usf,intl
21,Olivia Williams,G,6-1,R-Sr.,"South San Francisco, CA",UC Irvine,https://drtye9aslmeh1.cloudfront.net/images/2025/10/14/21_Olivia_Williams_Headshot.jpg?width=80&quality=90,usf,us_ca
22,Paula Tirado,G,5-7,R-So.,"Mataro, Spain",IES Damia Campeny,https://drtye9aslmeh1.cloudfront.net/images/2025/10/14/22_Paula_Tirado_Headshot.jpg?width=80&quality=90,usf,intl
23,Candy Edokpaigbe,G,6-0,So.,"Naples, Italy",Seattle U,https://drtye9aslmeh1.cloudfront.net/images/2025/10/14/23_Candy_Edkopaigbe_Headshot.jpg?width=80&quality=90,usf,intl
24,Sol Castro,F,6-1,Gr.,"Rio Colorado, Argentina",Robert Morris,https://drtye9aslmeh1.cloudfront.net/images/2025/10/14/24_Sol_Castro_Headshot.jpg?width=80&quality=90,usf,intl
32,Sophia Priestley,F,6-2,Fr.,"Oslo, Norway",Ullern IF Oslo,https://drtye9aslmeh1.cloudfront.net/images/2025/10/14/32_Sophia_Priestley_Headshot.jpg?width=80&quality=90,usf,intl
1,Malvina Haziri,G,5-9,Fr.,"Vushtrria, Kosovo",KBF Prishtina,https://d1gp0cqcpext3x.cloudfront.net/images/2025/10/9/Haziri__Malvina.png?width=80&quality=90,wsu,intl
2,Eleonora Villa,G,5-8,Jr.,"Lissone, Italy",Costa Masnaga,https://d1gp0cqcpext3x.cloudfront.net/images/2025/10/9/Villa__Eleonora.png?width=80&quality=90,wsu,intl
5,Jean Chiu,G,5-7,Sr.,"Taipei, Taiwan",University of Taipei,https://d1gp0cqcpext3x.cloudfront.net/images/2025/10/9/Chiu__Jean.png?width=80&quality=90,wsu,intl
6,Tahara Magassa,F,6-4,Fr.,"Paris, France",Saint-Amand Hainut,https://dxbhsrqyrr690.cloudfront.net/sidearm.nextgen.sites/wsu.sidearmsports.com/images/responsive_2020/logo_main.svg,wsu,intl
8,Mackenzie Chatfield,G,5-9,Jr.,"Auckland, New Zealand",Western Kentucky,https://d1gp0cqcpext3x.cloudfront.net/images/2025/10/9/Chatfield__Mackenzie.png?width=80&quality=90,wsu,intl
9,Tanja Valancic,F,6-0,Fr.,"Ljubljana, Slovenia",Akson Ilirija,https://d1gp0cqcpext3x.cloudfront.net/images/2025/10/9/Valancic__Tanja.png?width=80&quality=90,wsu,intl
10,Charlotte Abraham,G,6-0,So.,"Cambrai, France",Lycee Marguerite de Flandre,https://d1gp0cqcpext3x.cloudfront.net/images/2025/10/9/Abraham__Charlotte.png?width=80&quality=90,wsu,intl
12,Marta Alsina,G,5-11,So.,"Barcelona, Spain",Institut Joaquim Blume,https://d1gp0cqcpext3x.cloudfront.net/images/2025/10/9/Alsina__Marta.png?width=80&quality=90,wsu,intl
15,Keandra Koorits,G/F,6-2,R-Fr.,"Tallinn, Estonia",Audentes Sports Gymnasium,https://d1gp0cqcpext3x.cloudfront.net/images/2025/10/9/Koorits__Keandra.png?width=80&quality=90,wsu,intl
25,Lauren Glazier,F,6-4,Sr.,"North Bend, WA",Mount Si HS,https://d1gp0cqcpext3x.cloudfront.net/images/2025/10/9/Glazier__Lauren.png?width=80&quality=90,wsu,us_nonca
33,Alex Covill,C,6-6,Jr.,"Missoula, MT",Missoula Hellgate HS,https://d1gp0cqcpext3x.cloudfront.net/images/2025/10/9/Covill__Alex.png?width=80&quality=90,wsu,us_nonca
55,Malia Ruud,F,6-2,Fr.,"Pasco, WA",Chiawana HS,https://d1gp0cqcpext3x.cloudfront.net/images/2025/10/9/Ruud__Malia.png?width=80&quality=90,wsu,us_nonca
0,Goundo Diakite Bayo,F,6-1,Fr.,"Barcelona, Spain",IES Carles Vallbona,https://portlandpilots.com/images/2025/10/15/Diakite_Goundoba26web.JPG?width=80&quality=90,portland,intl
2,Dyani Ananiev,G,6-2,R-So.,"St. Andrews, Australia",Wyndham,https://portlandpilots.com/images/2025/10/15/Ananiev_Dyani26web.JPG?width=80&quality=90,portland,intl
3,Florence Dallow,G,6-2,R-So.,"Auckland, New Zealand",Epsom Girls Grammar School,https://portlandpilots.com/images/2025/10/15/Dallow_Florence26web.JPG?width=80&quality=90,portland,intl
5,Aubrey Herrin,G,6-1,Fr.,"Kennewick, WA",Kamiakin HS,https://portlandpilots.com/images/2025/10/15/Herrin_Aubrey26web.JPG?width=80&quality=90,portland,us_nonca
7,Tiffany Barbosa,G,5-10,So.,"Stockholm, Sweden",RIG Lulea,https://portlandpilots.com/images/2025/10/15/Barbosa_Tiffany26web.jpg?width=80&quality=90,portland,intl
9,Jada Kennedy,C,6-5,Fr.,"Melbourne, Australia",Siena College,https://portlandpilots.com/images/2025/10/15/Kennedy_Jada26web.JPG?width=80&quality=90,portland,intl
10,Natalie Fraley,G,6-0,Sr.,"Kelso, WA",Utah State / Kelso HS,https://portlandpilots.com/images/2025/10/15/Fraley_Natalie26web.JPG?width=80&quality=90,portland,us_nonca
12,Brynn Smith,G,6-0,Fr.,"Eugene, OR",Willamette HS,https://portlandpilots.com/images/2025/10/15/Smith_Brynn26web.JPG?width=80&quality=90,portland,us_nonca
14,Caitlin Monahan,G,5-10,R-Fr.,"Mercer Island, WA",Mercer Island HS,https://portlandpilots.com/images/2025/10/15/Monahan_Caitlyn26web.JPG?width=80&quality=90,portland,us_nonca
17,Nicole Anderson,G,5-8,Gr.,"Eastvale, CA",LMU / SMU / Rosary Academy,https://portlandpilots.com/images/2025/10/15/Rodriguez_Nicole26web.JPG?width=80&quality=90,portland,us_ca
20,Lainey Spear,F,6-2,Jr.,"Portland, OR",Beaverton HS,https://portlandpilots.com/images/2025/10/15/Spear_Lainey26web.JPG?width=80&quality=90,portland,us_nonca
22,Rhyan Mogel,G,5-10,Jr.,"Happy Valley, OR",Clackamas HS,https://portlandpilots.com/images/2025/10/15/Mogel_Rhyan26web.JPG?width=80&quality=90,portland,us_nonca
35,Camille Dake,G,6-0,Fr.,"Vista, CA",Rancho Buena Vista HS,https://portlandpilots.com/images/2025/10/15/Dake_Camille26web.jpg?width=80&quality=90,portland,us_ca
42,Ella Zimmerman,F/C,6-4,So.,"Redondo Beach, CA",Redondo Union HS,https://portlandpilots.com/images/2025/10/15/Zimmerman_Ella26web.JPG?width=80&quality=90,portland,us_ca
44,Julia Dalan,C/F,6-3,Fr.,"Centralia, WA",W.F. West HS,https://portlandpilots.com/images/2025/10/15/Dalan_Julia26web.JPG?width=80&quality=90,portland,us_nonca
0,Ysabella Von Seipler,G,5-10,Fr.,"Rocklin, CA",,https://usdtoreros.com/images/2025/10/15/Ysabella_Von_Seipler_Head_Shot.png?width=300,san diego,us_ca
1,Dresha Moore,F,6-0,So.,"Hawthorne, CA",,https://usdtoreros.com/images/2025/10/15/Dresha_Moore_Headshot.png?width=80&quality=90,san diego,us_ca
2,Ryanne Bahnsen-Price,F,6-0,Fr.,"Erie, CO",,https://usdtoreros.com/images/2025/10/15/Ryanne_Bahnsen-Price_Head_Shot.png?width=300,san diego,us_nonca
3,Lilly Amor,G,5-11,So.,"Melbourne, Victoria, Australia",,https://usdtoreros.com/images/2025/10/15/Ysabella_Von_Seipler_Head_Shot.png?width=80&quality=90,san diego,intl
4,Jessica Ajayi,G,5-10,Fr.,"Kent, WA",,https://usdtoreros.com/images/2025/10/15/Jessica_Ajayi_Head_Shot.png?width=80&quality=90,san diego,us_nonca
5,Lauren McCall,G,5-6,Jr.,"Boise, ID",,https://usdtoreros.com/images/2025/10/15/Lauren_McCall_Head_Shot.png?width=80&quality=90,san diego,us_nonca
6,Kylie Ray,G,5-8,So.,"La Crescenta, CA",Utah,https://usdtoreros.com/images/2025/10/15/Kylie_Ray_Head_Shot.png?width=80&quality=90,san diego,us_ca
10,Helen Holley,F,6-1,So.,"Cleveland, OH",Michigan State,https://usdtoreros.com/images/2025/10/15/Helen_Holley_Head_Shot.png?width=80&quality=90,san diego,us_nonca
11,Malia Tharpe,F,6-0,Jr.,"Cottesloe, Western Australia, Australia",,https://usdtoreros.com/images/2025/10/15/Malia_Tharpe_Head_Shot.png?width=80&quality=90,san diego,intl
12,Erica Carr,C,6-3,So.,"Grand Prairie, TX",,https://usdtoreros.com/images/2025/10/15/Erica_Carr_Headshot.png?width=80&quality=90,san diego,us_nonca
15,Eva Ruse,F,6-2,So.,"North Vancouver, British Columbia, Canada",,https://usdtoreros.com/images/2025/10/15/Eva_Ruse_Headshot.png?width=80&quality=90,san diego,intl
19,Jayden Rhodes,G,5-11,Sr.,"Keller, TX",Morehead State,https://usdtoreros.com/images/2025/10/15/Jayden_Rhodes_Head_Shot.png?width=80&quality=90,san diego,us_nonca
20,Hallie Rhodes,G,5-11,Sr.,"Keller, TX",Morehead State,https://usdtoreros.com/images/2025/10/15/Hallie_Rhodes_Head_Shot.png?width=80&quality=90,san diego,us_nonca
22,Ayla Williams,C,6-0,Fr.,"Las Vegas, NV",,https://usdtoreros.com/images/2025/10/15/Ayla_Williams_Headshot.png?width=80&quality=90,san diego,us_nonca
24,Olivia Owens,G,5-10,Fr.,"Columbus, OH",,https://usdtoreros.com/images/2025/10/15/Olivia_Owens_Head_Shot.png?width=80&quality=90,san diego,us_nonca
