#,Full Name,Pos.,Ht.,Year,Hometown,Previous School,ImageURL,Team
1,Kylee Mabry,G,5-11,Sr.,"Kaysville, Utah",,https://gouvu.com/images/2025/9/26/Kylee_ETh2r.jpg?width=146 ,utahvalley
3,Amanda Barcello,G/F,5-11,R-Sr.,"Chandler, Arizona",BYU,https://gouvu.com/images/2025/9/26/Amanda_Barcello_REy7T.jpg?width=146,utahvalley
5,Cambree Blackham,G,5-7,So.,"Lehi, Utah",,https://gouvu.com/images/2025/9/26/Cambree_Blackham_j7ytP.jpg?width=146,utahvalley
10,Saige Gibb,G,5-10,R-Sr.,"Raymond, Alberta, Canada",,https://gouvu.com/images/2025/9/26/Saige_Gibb_g2onZ.jpg?width=146,utahvalley
14,Kaylee Headrick,F,5-10,Sr.,"Bluffdale, Utah",Colorado State,https://gouvu.com/images/2025/9/26/Kaylee_Headrick_ONZQL.jpg?width=146,utahvalley
21,Naia Tanuvasa,G,5-10,So.,"Highland, Utah",BYU,https://gouvu.com/images/2025/9/26/Naia_Tanuvasa_8rWko.jpg?width=146,utahvalley
25,Halle Nelson,G/F,6-1,R-Sr.,"American Fork, Utah",Utah State,https://gouvu.com/images/2025/9/26/Halle_Nelson_8q5Ym.jpg?width=146,utahvalley
34,Tessa Chaney,C,6-3,Sr.,"Saratoga Springs, Utah",,https://gouvu.com/images/2025/9/26/Tessa_Chaney_9U9ym.jpg?width=146,utahvalley
44,Gracie Sorenson,C,6-4,Sr.,"Syracuse, Utah",Eastern Arizona,https://gouvu.com/images/2025/9/26/Gracie_Sorenson_WlPrb.jpg?width=146,utahvalley
0,Brooke Murrell,Forward,6-3,R-So.,"Aurora, Colorado",,https://denverpioneers.com/images/2025/10/7/Murrell.jpg?width=300,denver
3,Tori Baker,Guard,5-7,Fr.,"Highlands Ranch, Colorado",,https://denverpioneers.com/images/2025/10/7/Baker.jpg?width=300,denver
10,Coryn Watts,Guard,5-7,So.,"Aurora, Colorado",,https://denverpioneers.com/images/2025/10/7/Watts.jpg?width=300,denver
11,Karolina Padilla,Guard,5-7,Jr.,"Douglas, Arizona",,https://denverpioneers.com/images/2025/10/7/Padilla.jpg?width=300,denver
12,Laia Monclova,Guard,6-1,Jr.,"Mallorca, Spain",,https://denverpioneers.com/images/2025/10/7/Monclova.jpg?width=300,denver
13,Ana Conde,Center,6-0,So.,"Madrid, Spain",,https://denverpioneers.com/images/2025/10/7/Conde.jpg?width=300,denver
15,Jocelyn Medina,Guard,5-6,Jr.,"Arbuckle, California",,https://denverpioneers.com/images/2025/10/7/Medina.jpg?width=300,denver
32,Lily Esparza,Center,6-2,So.,"Rockford, Illinois",,https://denverpioneers.com/images/2025/10/7/Esparza.jpg?width=300,denver
0,Tahj-Monet Bloom,Forward,6-2,R-Fr.,"Okinawa, Japan",Mississippi State,https://nevadawolfpack.com/images/2025/9/11/wbb_headshots_MM_091025-07.jpg?width=300,nevada
1,Ahrray Young,Guard,5-11,R-Jr.,"Sacramento, Calif.",Tulsa,https://nevadawolfpack.com/images/2024/10/31/_1_Ahrray_Young.jpg?width=300,nevada
2,Izzy Sullivan,Guard,5-10,Jr.,"Sammamish, Wash.",,https://nevadawolfpack.com/images/2024/10/31/_2_Izzy_Sullivan.jpg?width=300,nevada
3,Imbie Jones,Forward,6-2,Jr.,"Seattle, Wash.",Wisconsin,https://nevadawolfpack.com/images/2024/10/31/_3_Imbie_Jones.jpg?width=300,nevada
4,Gabby Ramos,Guard,5-10,Fr.,"Clovis, Calif.",,https://nevadawolfpack.com/images/2025/9/11/wbb_headshots_MM_091025-11.jpg?width=300,nevada
10,Chloe Williams,Forward,6-3,Sr.,"Los Angeles, Calif.","Indiana State",https://nevadawolfpack.com/images/2025/9/11/wbb_headshots_MM_091025-09.jpg?width=300,nevada
11,Britain Backus,Point Guard,5-7,Fr.,"Winnemucca, Nev.",,https://nevadawolfpack.com/images/2025/9/11/wbb_headshots_MM_091025-10.jpg?width=300,nevada
13,Amelia Raidaveta,Forward,6-2,R-Jr.,"Dubbo, New South Wales, Australia","Weber State",https://nevadawolfpack.comimages/2024/10/31/_13_Amelia_Raidaveta.jpg?width=300,nevada
23,Makayla Carter,Forward,6-2,Fr.,"Tucson, Ariz.",,https://nevadawolfpack.com//images/2025/9/11/wbb_headshots_MM_091025-06.jpg?width=300,nevada
24,Skylar Durley,Guard,5-9,Fr.,"Oklahoma City, Okla.",,https://nevadawolfpack.com/images/2025/9/11/wbb_headshots_MM_091025-05.jpg?width=300,nevada
34,Kendra Hicks,Forward,6-1,So.,"Portland, Ore.",,https://nevadawolfpack.com/images/2024/10/31/_34_Kendra_Hicks.jpg?width=300,nevada
1,Kira-May Filemu,G,5-11,So.,"Wattle Grove, New South Wales, Australia",,https://hawaiiathletics.com/images/2025/10/16/Filemu__Kira-May25_8411_xuC2b.JPG?width=146,hawaii
2,Teyahna Bond,G,5-8,Fr.,"Cairns, Australia",,https://hawaiiathletics.com/images/2025/10/16/Bond__Teyahna25_8065_NET1o.JPG?width=146,hawaii
3,Bailey Flavell,G,5-10,Fr.,"Auckland, New Zealand",,https://hawaiiathletics.com/images/2025/10/16/Flavell__Bailey25_7613_ZgF4m.JPG?width=146,hawaii
6,Kyra Webb,G,6-1,Fr.,"Melbourne, Australia",,https://hawaiiathletics.com/images/2025/10/16/Webb__Kyra25_7559_88EOg.JPG?width=146,hawaii
7,Ella Collins,G,5-8,Fr.,"Auckland, New Zealand",,https://hawaiiathletics.com/images/2025/10/16/Collins__Ella25_7495_HKAls.JPG?width=146,hawaii
8,Rebecca Moors,F,6-2,So.,"Sydney, Australia",,https://hawaiiathletics.com/images/2025/10/16/Moors__Rebecca25_8235_d2F1t.JPG?width=146,hawaii
10,Danijela Kujovic,F,6-1,Rf.,"Podgorica, Montenegro",,https://hawaiiathletics.com/images/2025/10/16/Kujovic__Danijela25_8348_oF4xu.JPG?width=146,hawaii
11,Keiara Curtis,G,5-8,Fr.,"Phoenix, Arizona",,https://hawaiiathletics.com/images/2025/10/16/Curtis__Keiara25_8014_VtB0Z.JPG?width=146,hawaii
12,Imani Perez,F,6-4,Sr.,"San Diego, California",,https://hawaiiathletics.com/images/2025/10/16/Perez__Imani25_8286_1vGfw.JPG?width=146,hawaii
20,Izzy Forsyth,G,6-0,Sr.,"Perth, Australia",,https://hawaiiathletics.com/images/2025/10/16/Forsyth__Izzy25_7789_MqPWa.JPG?width=146,hawaii
22,Jade Peacock,G,6-0,Jr.,"Gold Coast, Australia",UC San Diego,https://hawaiiathletics.com/images/2025/10/16/Peacock__Jade25_7961_9x7TF.JPG?width=146,hawaii
24,Ritorya Tamilo,C,6-5,So.,"Auckland, New Zealand",,https://hawaiiathletics.com/images/2025/10/16/Tamilo__Ritorya25_7707_yU2nA.JPG?width=146,hawaii
33,Saniyah Neverson,F,6-0,Sr.,"Oakland, California",Northern Arizona,https://hawaiiathletics.com/images/2025/10/16/Neverson__Saniyah25_7834_ZtuVz.JPG?width=146,hawaii
3,Ella Brubaker,G,6-0,Graduate Student,"University Place, WA",The Master's / Pepperdine,https://goseattleu.com/imgproxy/8wjRPnIdRZZIbDOXp3TME-SUmsnEUYX3bvwlw-7XL-4/rs:fit:1980:0:0/g:ce/q:90/aHR0cHM6Ly9zdG9yYWdlLmdvb2dsZWFwaXMuY29tL2dvc2VhdHRsZXUtY29tLXByb2QvMjAyNS8xMC8wOS9NUEZSb0RjVmpqaFFvcktheXN5YnBnY2cwQmNOSGRjR1RyWGk2MXFVLnBuZw.png,seattle
4,Fia Proctor,F,6-2,Sophomore,"Bothell, WA",Wyoming,https://goseattleu.com/imgproxy/lT84Eiib8dxXLjZTLzwcEEjJ57UGhnWaudg-BO-H7HA/rs:fit:1980:0:0/g:ce/q:90/aHR0cHM6Ly9zdG9yYWdlLmdvb2dsZWFwaXMuY29tL2dvc2VhdHRsZXUtY29tLXByb2QvMjAyNS8xMC8wOS9MNzlmZG5sVG5ROXRNQzVnR3dCUnJkV09lakFQcDVIRGFDYWZKaWxXLnBuZw.png,seattle
5,Dylan Mogel,G,5-9,Freshman,"Clackamas, OR",,https://goseattleu.com/imgproxy/GjzClbkFb4-W9mtTVxl3VaZ_1ZrH0WCOQzp4uRrZF3I/rs:fit:1980:0:0/g:ce/q:90/aHR0cHM6Ly9zdG9yYWdlLmdvb2dsZWFwaXMuY29tL2dvc2VhdHRsZXUtY29tLXByb2QvMjAyNS8xMC8wOS9TUWt3dnhLbXM5VHFUeGVCY2dCenlwc0ZnMmdkbWdiY3JVQTZzN2xxLnBuZw.png,seattle
6,Andjela Bigovic,F,6-5,Graduate Student,"Herceg Novi, Montenegro",Cochise College / Tarleton State,https://goseattleu.com/imgproxy/ds2UsutAxUfSsMMBunNd2IIBY9_GXOiNYonQM8yQQzA/rs:fit:1980:0:0/g:ce/q:90/aHR0cHM6Ly9zdG9yYWdlLmdvb2dsZWFwaXMuY29tL2dvc2VhdHRsZXUtY29tLXByb2QvMjAyNS8xMC8wOS9EbzRuSnI2WWtHcW1uOGx1Y2xaY1RrV004Y0pzN0EySldpczdPbUYxLnBuZw.png,seattle
7,Lucija Milkovic,C,6-6,Junior,"Sibenik, Croatia",Missouri,https://goseattleu.com/imgproxy/Y2iEJjG--ZJ35FBiK4Lfio9DERkR5zXEcJ3JCMnnyuc/rs:fit:1980:0:0/g:ce/q:90/aHR0cHM6Ly9zdG9yYWdlLmdvb2dsZWFwaXMuY29tL2dvc2VhdHRsZXUtY29tLXByb2QvMjAyNS8xMC8wOS9tZktnSEdkYmZETFdsa0FyeG8xbnpleDd1MWUzd0dtZjlwclpUUTdiLnBuZw.png,seattle
8,Chloe Emanga,G,5-9,Freshman,"Marbach Am Neckar, Germany",BasCats USC Heidelberg,https://goseattleu.com/imgproxy/CfoRoMa7CQBDPXJA4SEv1d8OKSy4StWqGvLxTi4JMhE/rs:fit:1980:0:0/g:ce/q:90/aHR0cHM6Ly9zdG9yYWdlLmdvb2dsZWFwaXMuY29tL2dvc2VhdHRsZXUtY29tLXByb2QvMjAyNS8xMC8wOS82UEdENGZvZk16NVFVNFA5c01DWVBOQjhaWFo5T1NPRzc4SVVpa0dvLnBuZw.png,seattle
9,Jana Vesic,G,5-7,Freshman,"Belgrade, Serbia",,https://goseattleu.com/imgproxy/TRnpsePGP3bf6OKdSgsSEGk-j81iVKC0DE6AWhSOSU0/rs:fit:1980:0:0/g:ce/q:90/aHR0cHM6Ly9zdG9yYWdlLmdvb2dsZWFwaXMuY29tL2dvc2VhdHRsZXUtY29tLXByb2QvMjAyNS8xMC8wOS9VR2ZLc3FydXkyV0Z1MkZiTkk0Q0pySkhld3cyM1VEZVhHMWs3ZVMxLnBuZw.png,seattle
14,Tamia Stricklin,F,6-0,R-Sr.,"Renton, WA",Fresno State,https://goseattleu.com/imgproxy/hqdnYu8VbJjGaIhA0nssmoz8bxDh7cCPZKb3zncEwM4/rs:fit:1980:0:0/g:ce/q:90/aHR0cHM6Ly9zdG9yYWdlLmdvb2dsZWFwaXMuY29tL2dvc2VhdHRsZXUtY29tLXByb2QvMjAyNS8xMC8wOS9qT3o1QmpZSnVodGU0TnVub0dXUDAwQ3dFellYalM3UEZWbnpsSmR5LnBuZw.png,seattle
21,Aaliyah Ibarra,G,5-8,Senior,"Las Vegas, NV",Utah Tech,https://goseattleu.com/imgproxy/_TvXo-Wd26emOYoDBaIWFf6n66GR8yidVSZMwYhfao4/rs:fit:1980:0:0/g:ce/q:90/aHR0cHM6Ly9zdG9yYWdlLmdvb2dsZWFwaXMuY29tL2dvc2VhdHRsZXUtY29tLXByb2QvMjAyNS8xMC8wOS91UE5TTnZHY2JrQ1J6WWlkTXVwZE9Ta1J3Q1pnWUkxeE9nN1RSa2VCLnBuZw.png,seattle
22,Lucy Larson,G,5-10,Sophomore,"Seattle, WA",,https://goseattleu.com/imgproxy/dR1mTc9WB43roTFVu20B6gcm0knq8UA90sb7kmGCh0Y/rs:fit:1980:0:0/g:ce/q:90/aHR0cHM6Ly9zdG9yYWdlLmdvb2dsZWFwaXMuY29tL2dvc2VhdHRsZXUtY29tLXByb2QvMjAyNS8xMC8wOS8zWXVFQnJjUkFCSzJ6VVB2ejhTQnFFdHY0M0o4clh1WVAyUnRqSlZ3LnBuZw.png,seattle
24,Sydnie Rodriguez,G,6-0,Sophomore,"Boise, ID",Owhyee HS,https://goseattleu.com/imgproxy/coiLDNnfD4ptGSHU6KNsQGAz0cK2mGzljSZiA1gw3wc/rs:fit:1980:0:0/g:ce/q:90/aHR0cHM6Ly9zdG9yYWdlLmdvb2dsZWFwaXMuY29tL2dvc2VhdHRsZXUtY29tLXByb2QvMjAyNS8xMC8wOS85RENVaGt6T2NWaUlaMWMySEJLck1YeTM4a1Q4aWN3RnhJRHBzQzlzLnBuZw.png,seattle
0,Tiara Bolden,G,5-11,Gr.,"Eugene, OR",,https://images.sidearmdev.com/crop?url=https%3A%2F%2Fdxbhsrqyrr690.cloudfront.net%2Fsidearm.nextgen.sites%2Foregonstate.sidearmsports.com%2Fimages%2F2024%2F10%2F2%2FWBB_Headshot-9.jpg&width=603&height=803&gravity=north&type=webp,osu
1,Kennedie Shuler,G,5-10,Jr.,"Gresham, OR",,https://images.sidearmdev.com/crop?url=https%3A%2F%2Fdxbhsrqyrr690.cloudfront.net%2Fsidearm.nextgen.sites%2Foregonstate.sidearmsports.com%2Fimages%2F2024%2F10%2F2%2FWBB_Headshot-2.jpg&width=603&height=803&gravity=north&type=webp,osu
2,Katelyn Field,G,5-11,Fr.,"Melbourne, Australia",,https://images.sidearmdev.com/crop?url=https%3A%2F%2Fdxbhsrqyrr690.cloudfront.net%2Fsidearm.nextgen.sites%2Foregonstate.sidearmsports.com%2Fimages%2F2025%2F5%2F12%2FKF_Headshot.jpg&width=603&height=803&gravity=north&type=webp,osu
3,Jenna Villa,G,6-1,Jr.,"Arlington, WA",,https://images.sidearmdev.com/crop?url=https%3A%2F%2Fdxbhsrqyrr690.cloudfront.net%2Fsidearm.nextgen.sites%2Foregonstate.sidearmsports.com%2Fimages%2F2025%2F5%2F12%2F25WBB_Recruit_Jenna_Villa_0009.jpg&width=603&height=803&gravity=north&type=webp,osu
4,Ally Schimel,G,5-10,So.,"Corbett, OR",,https://images.sidearmdev.com/crop?url=https%3A%2F%2Fdxbhsrqyrr690.cloudfront.net%2Fsidearm.nextgen.sites%2Foregonstate.sidearmsports.com%2Fimages%2F2024%2F10%2F2%2FWBB_Headshot-6.jpg&width=603&height=803&gravity=north&type=webp,osu
7,Lucia Navarro,G,6-0,Jr.,"Valencia, Spain",,https://images.sidearmdev.com/crop?url=https%3A%2F%2Fdxbhsrqyrr690.cloudfront.net%2Fsidearm.nextgen.sites%2Foregonstate.sidearmsports.com%2Fimages%2F2024%2F10%2F2%2FWBB_Headshot-12.jpg&width=603&height=803&gravity=north&type=webp,osu
10,Susana Yepes,F,6-0,R-Sr.,"Medellin, Colombia",,https://images.sidearmdev.com/crop?url=https%3A%2F%2Fdxbhsrqyrr690.cloudfront.net%2Fsidearm.nextgen.sites%2Foregonstate.sidearmsports.com%2Fimages%2F2024%2F10%2F2%2FWBB_Headshot-11.jpg&width=603&height=803&gravity=north&type=webp,osu
12,Mackenzie Shivers,G,5-6,R-Jr.,"Mesa, AZ",,https://images.sidearmdev.com/crop?url=https%3A%2F%2Fdxbhsrqyrr690.cloudfront.net%2Fsidearm.nextgen.sites%2Foregonstate.sidearmsports.com%2Fimages%2F2024%2F10%2F2%2FWBB_Headshot-8.jpg&width=603&height=803&gravity=north&type=webp,osu
15,Lizzy Williamson,F,6-5,Gr.,"Adelaide, Australia",,https://images.sidearmdev.com/crop?url=https%3A%2F%2Fdxbhsrqyrr690.cloudfront.net%2Fsidearm.nextgen.sites%2Foregonstate.sidearmsports.com%2Fimages%2F2025%2F5%2F16%2F25WBB_Recruit_Lizzy_Williamson_0037.jpg&width=603&height=803&gravity=north&type=webp,osu
16,Elisa Mehyar,F,6-5,So.,"Copenhagen, Denmark",,https://images.sidearmdev.com/crop?url=https%3A%2F%2Fdxbhsrqyrr690.cloudfront.net%2Fsidearm.nextgen.sites%2Foregonstate.sidearmsports.com%2Fimages%2F2024%2F10%2F2%2FWBB_Headshot-10.jpg&width=603&height=803&gravity=north&type=webp,osu
22,Lara Alonso-Basurto,F,6-3,Fr.,"Madrid, Spain",,https://images.sidearmdev.com/crop?url=https%3A%2F%2Fdxbhsrqyrr690.cloudfront.net%2Fsidearm.nextgen.sites%2Foregonstate.sidearmsports.com%2Fimages%2F2024%2F10%2F2%2FWBB_Headshot-10.jpg&width=603&height=803&gravity=north&type=webp,osu
25,Keira Lindemans,G,6-0,Fr.,"Melbourne, Australia",,https://images.sidearmdev.com/crop?url=https%3A%2F%2Fdxbhsrqyrr690.cloudfront.net%2Fsidearm.nextgen.sites%2Foregonstate.sidearmsports.com%2Fimages%2F2025%2F5%2F12%2FKL_Headshot.jpg&width=603&height=803&gravity=north&type=webp,osu
30,Catarina Ferreira,G,6-0,Gr.,"Sao Paulo, Brazil",,https://images.sidearmdev.com/crop?url=https%3A%2F%2Fdxbhsrqyrr690.cloudfront.net%2Fsidearm.nextgen.sites%2Foregonstate.sidearmsports.com%2Fimages%2F2024%2F10%2F2%2FWBB_Headshot-7.jpg&width=603&height=803&gravity=north&type=webp,osu
31,Cloe Vecina,G,5-8,So.,"Vigo, Spain",,https://images.sidearmdev.com/crop?url=https%3A%2F%2Fdxbhsrqyrr690.cloudfront.net%2Fsidearm.nextgen.sites%2Foregonstate.sidearmsports.com%2Fimages%2F2024%2F10%2F2%2FWBB_Headshot-5.jpg&width=603&height=803&gravity=north&type=webp,osu
32,Néné Sow,C,6-8,R-Sr.,"Brussels, Belgium",,https://images.sidearmdev.com/crop?url=https%3A%2F%2Fdxbhsrqyrr690.cloudfront.net%2Fsidearm.nextgen.sites%2Foregonstate.sidearmsports.com%2Fimages%2F2025%2F5%2F12%2F25WBB_Recruit_Ne_ne__Sow_0060.jpg&width=603&height=803&gravity=north&type=webp,osu
0,Ivory Finley,G,5-10,Gr.,"Minneapolis, MN",Utah State,https://daitadul56i2n.cloudfront.net/images/2025/9/26/0_ivory.jpg?width=80&quality=90,pepperdine
1,Taija Sta. Maria,G,5-6,Jr.,"Toronto, Ontario, Canada",Fresno State,https://daitadul56i2n.cloudfront.net/images/2025/9/26/1_taija.jpg?width=80&quality=90,pepperdine
2,Ellison Guiney,G,5-11,So.,"Goodyear, AZ",UNLV,https://daitadul56i2n.cloudfront.net/images/2025/9/26/2_guiney.jpg?width=80&quality=90,pepperdine
3,Bella Green,G,6-0,Gr.,"Perth, Australia",University of West Florida,https://daitadul56i2n.cloudfront.net/images/2025/9/26/3_green.jpg?width=80&quality=90,pepperdine
10,Ilinca Belegante,G,6-0,Fr.,"Bucharest, Romania",,https://daitadul56i2n.cloudfront.net/images/2025/9/26/10_Ilinca.jpg?width=80&quality=90,pepperdine
11,Quinn VanSickle,G,5-8,Fr.,"Castle Rock, CO",,https://daitadul56i2n.cloudfront.net/images/2025/9/26/11_quinn.jpg?width=80&quality=90,pepperdine
12,Shorna Preston,F,6-1,Jr.,"Christchurch, New Zealand",Dodge City Community College,https://daitadul56i2n.cloudfront.net/images/2025/9/26/12_Shorna.jpg?width=80&quality=90,pepperdine
13,Meghan Fiso,G,5-10,Gr.,"Seattle, WA",San Diego State,https://daitadul56i2n.cloudfront.net/images/2025/9/26/13_meghan.jpg?width=80&quality=90,pepperdine
22,Lina Falk,G,6-2,Jr.,"Wolfenbüttel, Germany",Sacramento State,https://daitadul56i2n.cloudfront.net/images/2025/9/26/22_lina.jpg?width=80&quality=90,pepperdine
30,Seleh Harmon,G,5-10,Fr.,"Norman, OK",,https://daitadul56i2n.cloudfront.net/images/2025/9/26/30_seleh.jpg?width=80&quality=90,pepperdine
31,Irune Orio,F,6-2,Sr.,"Balmaseda, Spain",Sacramento State / Xavier,https://daitadul56i2n.cloudfront.net/images/2025/9/26/31_irune.jpg?width=80&quality=90,pepperdine
44,Zoe Shanahan,F,6-2,Fr.,"Melbourne, Australia",,https://daitadul56i2n.cloudfront.net/images/2025/9/26/44_Zoe.jpg?width=80&quality=90,pepperdine
1,Paige Lofing,G,5-9,Fr.,"Billings, MT",,https://d2jpxbzntgxotn.cloudfront.net/images/2025/9/10/paige_lofing-2059.JPG?width=80&quality=90,gonzaga
2,Vera Gunaydin,G,5-9,Sr.,"Ankara, Turkey",South Georgia Tech,https://d2jpxbzntgxotn.cloudfront.net/images/2025/9/10/vera_gunaydin-7778.JPG?width=80&quality=90,gonzaga
3,Julia Wilson,G,5-10,Fr.,"Temecula, CA",Rancho Christian HS,https://d2jpxbzntgxotn.cloudfront.net/images/2025/9/10/julia_wilson-7070.JPG?width=80&quality=90,gonzaga
4,Sierra Lichtie,F,6-0,Gr.,"Riverton, UT",Cal Poly,https://d2jpxbzntgxotn.cloudfront.net/images/2025/9/10/sierra_lichtie-8103.JPG?width=80&quality=90,gonzaga
8,Ines Bettencourt,G,5-9,Sr.,"Sao Miguel, Portugal",UConn,https://d2jpxbzntgxotn.cloudfront.net/images/2025/9/10/ines_bettencourt-6446.JPG?width=80&quality=90,gonzaga
11,Allie Turner,G,5-8,So.,"St. Louis, MO",John Burroughs HS,https://d2jpxbzntgxotn.cloudfront.net/images/2025/9/10/new_allie_pic.JPG?width=80&quality=90,gonzaga
12,Christabel Osarobo,G,5-11,So.,"Tudela, Spain",Ipswich Basketball Academy,https://d2jpxbzntgxotn.cloudfront.net/images/2025/9/10/christabel_osarobo-7880-3.JPG?width=80&quality=90,gonzaga
20,Taylor Smith,F,6-2,Jr.,"Pocatello, ID",Weber State,https://d2jpxbzntgxotn.cloudfront.net/images/2025/9/10/taylor_smith-1502.JPG?width=80&quality=90,gonzaga
22,McKynnlie Dalan,F,6-0,Jr.,"Montesano, WA",Minnesota,https://d2jpxbzntgxotn.cloudfront.net/images/2025/9/10/mckynnlie_dalan.JPG?width=80&quality=90,gonzaga
23,Jaiden Haile,F,6-2,Fr.,"Fargo, ND",West Fargo Horace HS,https://d2jpxbzntgxotn.cloudfront.net/images/2025/9/10/jaiden_haile.JPG?width=80&quality=90,gonzaga
24,Teryn Gardner,G,5-10,So.,"Spokane, WA",Boise State,https://d2jpxbzntgxotn.cloudfront.net/images/2025/9/10/teryn_gardner-7278.JPG?width=80&quality=90,gonzaga
33,Lauren Whittaker,F,6-3,R-Fr.,"Canterbury, New Zealand",,https://d2jpxbzntgxotn.cloudfront.net/images/2025/9/10/lauren_whittaker-1119.JPG?width=80&quality=90,gonzaga
55,Zeryhia Aokuso,G,5-10,Jr.,"Amarillo, TX",Saint Mary's,https://d2jpxbzntgxotn.cloudfront.net/images/2025/9/10/zerhyia_aokuso-7494.JPG?width=80&quality=90,gonzaga
0,Jess Lawson,G,5-7,Gr.,"Las Vegas, NV",Central Michigan,https://d2vhz6gv4pigvw.cloudfront.net/images/2025/10/2/Jess_Lawson.jpg?width=80&quality=90,lmu
2,Mari Somvichian,G,5-4,Jr.,"Oakland, CA",,https://d2vhz6gv4pigvw.cloudfront.net/images/2025/10/2/Mari_Somvichian.jpg?width=80&quality=90,lmu
4,Allison Clarke,G,5-11,So.,"Anaheim, CA",,https://d2vhz6gv4pigvw.cloudfront.net/images/2025/10/2/Allison_Clarke.jpg?width=80&quality=90,lmu
5,Carly Heidger,G,6-3,Sr.,"Dacula, GA",Samford,https://d2vhz6gv4pigvw.cloudfront.net/images/2025/10/2/Carly_Heidger.jpg?width=80&quality=90,lmu
7,Ana Milanovic,F,6-2,So.,"Belgrade, Serbia",Middle Tennessee,https://d2vhz6gv4pigvw.cloudfront.net/images/2025/10/2/Ana_Milanovic.jpg?width=80&quality=90,lmu
10,Lova Lagerlid,G,6-1,So.,"Stockholm, Sweden",Colorado,https://d2vhz6gv4pigvw.cloudfront.net/images/2025/10/2/Lova_Lagerlid.jpg?width=80&quality=90,lmu
13,Ivana Krajina,G,5-11,Sr.,"Kastel Novi, Croatia",Texas Tech,https://d2vhz6gv4pigvw.cloudfront.net/images/2025/10/2/Ivana_Krajina.jpg?width=80&quality=90,lmu
22,Alia Matavao,F,6-0,Jr.,"Las Vegas, NV",BYU,https://d2vhz6gv4pigvw.cloudfront.net/images/2025/10/2/Ali_a_Matavao.jpg?width=80&quality=90,lmu
24,Kayla Jones,F,6-0,Jr.,"Norman, OK",Grayson College,https://d2vhz6gv4pigvw.cloudfront.net/images/2025/10/2/Kayla_Jones.jpg?width=80&quality=90,lmu
28,Andjela Matic,G,5-9,Sr.,"Ub, Serbia",Duquesne,https://d2vhz6gv4pigvw.cloudfront.net/images/2025/10/2/Andjela_Matic.jpg?width=80&quality=90,lmu
30,Paula Reus Piza,F,6-1,Gr.,"Palma De Mallorca, Spain",New Mexico,https://d2vhz6gv4pigvw.cloudfront.net/images/2025/10/2/Paula_Reus_Piza.jpg?width=80&quality=90,lmu
54,Zawadi Ogot,G,5-11,So.,"Upland, CA",,https://d2vhz6gv4pigvw.cloudfront.net/images/2025/10/2/Zawadi_Ogot.jpg?width=80&quality=90,lmu
55,Maya Hernandez,F,6-0,Jr.,"San Jose, CA",,https://d2vhz6gv4pigvw.cloudfront.net/images/2025/10/2/Maya_Hernandez.jpg?width=80&quality=90,lmu
2,Aniya Hooker,G,5-8,So.,"Lynnwood, WA",,https://santaclarabroncos.com/images/2025/9/18/hooker_aniyaDJR13246.JPG?width=80&quality=90,santa clara
3,Kate Schat,G,5-9,Fr.,"Redwood Valley, CA",,https://santaclarabroncos.com/images/2025/9/18/schat_katieDJR13224.JPG?width=80&quality=90,santa clara
4,Maddy Warberg,G,5-11,Fr.,"Eugene, OR",,https://santaclarabroncos.com/images/2025/9/18/warberg_maddyDJR13195.JPG?width=80&quality=90,santa clara
5,Sara Schmerbach,G,5-11,Fr.,"South Medford, OR",,https://santaclarabroncos.com/images/2025/9/18/schimerbach_saraDJR13228.JPG?width=80&quality=90,santa clara
6,Sienna Grieger,G,5-9,Fr.,"West Adelaide, Australia",,https://santaclarabroncos.com/images/2025/9/18/grieger_siennaDJR13186.JPG?width=80&quality=90,santa clara
9,Maia Jones,G,5-10,R-Jr.,"Tasman, New Zealand",,https://santaclarabroncos.com/images/2025/9/18/jones_maiaDJR13254.JPG?width=80&quality=90,santa clara
10,Lauren Grover,F,6-1,Sr.,"Corona, CA",,https://santaclarabroncos.com/images/2025/9/18/grover_laurenDJR13261.JPG?width=80&quality=90,santa clara
11,Alana Goodchild,F,6-2,Sr.,"Sydney, Australia",,https://santaclarabroncos.com/images/2025/9/18/goodchild_alannaDJR13217.JPG?width=80&quality=90,santa clara
12,Sophie Glancey,F,6-2,Gr.,"Boise, ID",,https://santaclarabroncos.com/images/2025/9/18/glancey_sophieDJR13209_dcKrR.JPG?width=80&quality=90,santa clara
13,Ava Schmidt,F,6-2,Jr.,"Sammamish, WA",,https://santaclarabroncos.com/images/2025/9/18/schmidt_avaDJR13235.JPG?width=80&quality=90,santa clara
20,Delainey Miller,G,5-10,Fr.,"Aurora, CO",,https://santaclarabroncos.com/images/2025/9/18/miller_delaneyDJR13189.JPG?width=80&quality=90,santa clara
23,Ashley Hawkins,G,5-6,Gr.,"Long Beach, CA",,https://santaclarabroncos.com/images/2025/9/18/hawkins_ashleyDJR13268.JPG?width=80&quality=90,santa clara
24,Reilly Clark,G,5-10,R-So.,"Tucson, AZ",,https://santaclarabroncos.com/images/2025/9/18/clark_reillyDJR13192.JPG?width=80&quality=90,santa clara
30,Kylee Fox,F,5-11,Jr.,"Richland, WA",,https://santaclarabroncos.com/images/2025/9/18/fox_kyleeDJR13231_lFMvf.JPG?width=80&quality=90,santa clara
34,Tyler Gildersleeve-Stiles,F,6-1,Fr.,"Snohomish, WA",,https://images.sidearmdev.com/resize?url=https%3a%2f%2fdbukjj6eu5tsf.cloudfront.net%2fsidearm.sites%2fsantaclara.sidearmsports.com%2fimages%2f2025%2f9%2f18%2fgildersleevestiles_tylerDJR13266_mSdFb.JPG&width=80&type=webp&quality=90,santa clara
0,Jada Hunter,G,5-10,Jr.,"Vallejo, CA",Laney College,https://duq7p5k7s6jsa.cloudfront.net/images/2024/10/5/Jada_Hunter.png?width=80&quality=90,smc
2,Amy Kurkowski,G,6-1,So.,"Melbourne, Australia",,https://duq7p5k7s6jsa.cloudfront.net/images/2024/10/5/Amy_Kurkowski.png?width=80&quality=90,smc
3,Mauriana Hashemian-Orr,G,5-7,So.,"Portland, OR",,https://duq7p5k7s6jsa.cloudfront.net/images/2024/10/17/MHO.jpg?width=80&quality=90,smc
4,Charlece Ohiaeri,G,6-1,Jr.,"Las Vegas, NV",Depaul,https://duq7p5k7s6jsa.cloudfront.net/images/2025/7/8/Charlece_Ohiaeri_Summer_Headshot.png?width=80&quality=90,smc
5,Abigail Shoff,F,6-0,Jr.,"Redding, CA",Long Beach State,https://duq7p5k7s6jsa.cloudfront.net/images/2024/10/5/Abigail_Shoff.png?width=80&quality=90,smc
7,Edie Clarke,F,6-4,So.,"Melbourne, Australia",,https://duq7p5k7s6jsa.cloudfront.net/images/2024/10/5/Edie_Clarke.png?width=80&quality=90,smc
8,Emily Foy,G,6-1,Jr.,"Newcastle, Australia",,https://duq7p5k7s6jsa.cloudfront.net/images/2024/10/5/Emily_Foy.png?width=80&quality=90,smc
10,Georgia Grigoropoulou,F,6-3,Sr.,"Athens, Greece",Santa Clara,https://duq7p5k7s6jsa.cloudfront.net/images/2025/7/8/Georgia_Grigoropoulou_Summer_Headshot.png?width=80&quality=90,smc
11,Coco Urlacher,G,5-10,Fr.,"Palatine, IL",,https://duq7p5k7s6jsa.cloudfront.net/images/2025/7/8/Coco_Urlacher_Summer_Headshot.png?width=80&quality=90,smc
13,Malia Latu,G,5-8,Gr.,"East Palo Alto, CA",Santa Clara,https://duq7p5k7s6jsa.cloudfront.net/images/2025/7/8/Malia_Latu_Summer_Headshot.png?width=80&quality=90,smc
22,Melesungu Afeaki,F,6-2,Sr.,"San Bruno, CA",University of San Diego,https://duq7p5k7s6jsa.cloudfront.net/images/2024/10/5/Melesungu_Afeaki.png?width=80&quality=90,smc
23,Addi Wedin,G,5-10,R-Jr.,"Happy Valley, OR",,https://duq7p5k7s6jsa.cloudfront.net/images/2024/10/17/AW.jpg?width=80&quality=90,smc
24,Colleena Bryant,G,5-7,Fr.,"Detroit, MI",,https://duq7p5k7s6jsa.cloudfront.net/images/2025/7/8/Colleena_Bryant_Summer_Headshot.png?width=80&quality=90,smc
33,Ella Wedin,G,6-1,R-So.,"Happy Valley, OR",LMU,https://duq7p5k7s6jsa.cloudfront.net/images/2024/10/5/Ella_Wedin.png?width=80&quality=90,smc
2,Mali Ennis,G,5-10,Sr.,"Burlingame, CA",Saint Mary's College,https://pacifictigers.com/images/2025/10/20/Mali_Ennis.png?width=80&quality=90,pacific
3,Hannah Burg,G,5-6,Sr.,"Colorado Springs, CO",Augustana (SD),https://pacifictigers.com/images/2025/10/20/Hannah_Burg.png?width=80&quality=90,pacific
5,Stella Szabo,G,5-11,R-So.,"Stockholm, Sweden",Luleaa Gymnasieskola,https://pacifictigers.com/images/2025/10/20/Stella_Szabo.png?width=80&quality=90,pacific
7,Liv Yergensen,G,5-11,Fr.,"El Dorado Hills, CA",Oak Ridge HS,https://pacifictigers.com/images/2025/10/20/Liv_Yergensen.png?width=80&quality=90,pacific
8,Sophia Mindermann,G,5-10,Fr.,"Folsom, CA",Folsom HS,https://pacifictigers.com/images/2025/10/20/Sophia_Mindermann.png?width=80&quality=90,pacific
9,Marina Radocaj,G/F,6-3,Jr.,"Richmond, Canada",Arizona State / R.A. McMath Secondary School,https://pacifictigers.com/images/2025/10/20/Marina_Radocaj.png?width=80&quality=90,pacific
10,Sydney Ward,G/F,6-0,Sr.,"Houston, TX",The Village,https://pacifictigers.com/images/2025/10/20/Sydney_Ward.png?width=80&quality=90,pacific
11,Luisa Anderegg,F,6-2,Sr.,"Cologne, Germany",Midland College,https://pacifictigers.com/images/2025/10/20/Luisa_Anderegg.png?width=80&quality=90,pacific
15,Nyah Lowery,G,5-11,Jr.,"Sacramento, CA",Saint Mary's,https://pacifictigers.com/images/2025/10/20/Nyah_Lowery.png?width=80&quality=90,pacific
21,Daria Nestorov,G,5-4,So.,"Zrenjanin, Serbia",Gymnasium Kraljevo,https://pacifictigers.com/images/2025/10/20/Daria_Nestorov.png?width=80&quality=90,pacific
23,Kenlee Durrill,G,5-10,R-So.,"Denver, CO",Flat Irons,https://pacifictigers.com/images/2025/10/20/Kenlee_Durrill.png?width=80&quality=90,pacific
24,LaMiracle Lebon,F,6-3,Fr.,"Columbus, MS",Vanden HS,https://pacifictigers.com/images/2025/10/20/LaMiracle_Lebon.png?width=80&quality=90,pacific
25,Winner Bartholomew,F,6-1,So.,"Abuja, Nigeria",Rider,https://pacifictigers.com/images/2025/10/20/Winner_Bartholomew.png?width=80&quality=90,pacific
32,Tyla Fautua,F,6-0,So.,"Brisbane, Australia",Southern Districts Spartans,https://pacifictigers.com/images/2025/10/20/Tyla_Fautua.png?width=80&quality=90,pacific
2,Mara Neira,G,5-9,Gr.,"Baiona, Spain",Presbyterian/Appalachian State,https://drtye9aslmeh1.cloudfront.net/images/2025/10/14/2_Mara_Neira_Headshot.jpg?width=80&quality=90,usf
3,Noelia Mourino,F,6-2,Fr.,"O Porrino, Spain",Segle XXI Barcelona,https://drtye9aslmeh1.cloudfront.net/images/2025/10/14/3_Noelia_Mourino_Headshot.jpg?width=80&quality=90,usf
4,Meghan McIntyre,G,5-6,Gr.,"Garden Grove, CA",Southern Oregon/Orange Coast CC/Golden West CC,https://drtye9aslmeh1.cloudfront.net/images/2025/10/14/4_Meghan_McIntyre_Headshot.jpg?width=80&quality=90,usf
7,Nevaeh Ferrara Horne,F,6-2,Jr.,"Regina, Saskatchewan, Canada",North Dakota,https://drtye9aslmeh1.cloudfront.net/images/2025/10/14/7_Nevaeh_Ferrera_Horne_Headshot.jpg?width=80&quality=90,usf
9,Aina Cargol,G,5-9,Fr.,"Olot, Spain",Spar Girona,https://drtye9aslmeh1.cloudfront.net/images/2025/10/14/9_Aina_Cargol_Headshot.jpg?width=80&quality=90,usf
10,Amy Pateman,G,5-8,Fr.,"Auckland, New Zealand",Westlake Girls High School,https://drtye9aslmeh1.cloudfront.net/images/2025/10/14/10_Amy_Pateman_Headshot.jpg?width=80&quality=90,usf
12,Natasa Tausova,F,6-3,Fr.,"Poprad, Slovakia",Piestanske Cajky,https://drtye9aslmeh1.cloudfront.net/images/2025/10/14/12_Natasa_Tausova_Headshot.jpg?width=80&quality=90,usf
14,Michelle Ugwah,F,6-1,R-So.,"Cork, Ireland",Morehead State,https://drtye9aslmeh1.cloudfront.net/images/2025/10/14/14_Michelle_Ugwah_Headshot.jpg?width=80&quality=90,usf
21,Olivia Williams,G,6-1,R-Sr.,"South San Francisco, CA",UC Irvine,https://drtye9aslmeh1.cloudfront.net/images/2025/10/14/21_Olivia_Williams_Headshot.jpg?width=80&quality=90,usf
22,Paula Tirado,G,5-7,R-So.,"Mataro, Spain",IES Damia Campeny,https://drtye9aslmeh1.cloudfront.net/images/2025/10/14/22_Paula_Tirado_Headshot.jpg?width=80&quality=90,usf
23,Candy Edokpaigbe,G,6-0,So.,"Naples, Italy",Seattle U,https://drtye9aslmeh1.cloudfront.net/images/2025/10/14/23_Candy_Edkopaigbe_Headshot.jpg?width=80&quality=90,usf
24,Sol Castro,F,6-1,Gr.,"Rio Colorado, Argentina",Robert Morris,https://drtye9aslmeh1.cloudfront.net/images/2025/10/14/24_Sol_Castro_Headshot.jpg?width=80&quality=90,usf
32,Sophia Priestley,F,6-2,Fr.,"Oslo, Norway",Ullern IF Oslo,https://drtye9aslmeh1.cloudfront.net/images/2025/10/14/32_Sophia_Priestley_Headshot.jpg?width=80&quality=90,usf
1,Malvina Haziri,G,5-9,Fr.,"Vushtrria, Kosovo",KBF Prishtina,https://d1gp0cqcpext3x.cloudfront.net/images/2025/10/9/Haziri__Malvina.png?width=80&quality=90,wsu
2,Eleonora Villa,G,5-8,Jr.,"Lissone, Italy",Costa Masnaga,https://d1gp0cqcpext3x.cloudfront.net/images/2025/10/9/Villa__Eleonora.png?width=80&quality=90,wsu
5,Jean Chiu,G,5-7,Sr.,"Taipei, Taiwan",University of Taipei,https://d1gp0cqcpext3x.cloudfront.net/images/2025/10/9/Chiu__Jean.png?width=80&quality=90,wsu
6,Tahara Magassa,F,6-4,Fr.,"Paris, France",Saint-Amand Hainut,https://dxbhsrqyrr690.cloudfront.net/sidearm.nextgen.sites/wsu.sidearmsports.com/images/responsive_2020/logo_main.svg,wsu
8,Mackenzie Chatfield,G,5-9,Jr.,"Auckland, New Zealand",Western Kentucky,https://d1gp0cqcpext3x.cloudfront.net/images/2025/10/9/Chatfield__Mackenzie.png?width=80&quality=90,wsu
9,Tanja Valancic,F,6-0,Fr.,"Ljubljana, Slovenia",Akson Ilirija,https://d1gp0cqcpext3x.cloudfront.net/images/2025/10/9/Valancic__Tanja.png?width=80&quality=90,wsu
10,Charlotte Abraham,G,6-0,So.,"Cambrai, France",Lycee Marguerite de Flandre,https://d1gp0cqcpext3x.cloudfront.net/images/2025/10/9/Abraham__Charlotte.png?width=80&quality=90,wsu
12,Marta Alsina,G,5-11,So.,"Barcelona, Spain",Institut Joaquim Blume,https://d1gp0cqcpext3x.cloudfront.net/images/2025/10/9/Alsina__Marta.png?width=80&quality=90,wsu
15,Keandra Koorits,G/F,6-2,R-Fr.,"Tallinn, Estonia",Audentes Sports Gymnasium,https://d1gp0cqcpext3x.cloudfront.net/images/2025/10/9/Koorits__Keandra.png?width=80&quality=90,wsu
25,Lauren Glazier,F,6-4,Sr.,"North Bend, WA",Mount Si HS,https://d1gp0cqcpext3x.cloudfront.net/images/2025/10/9/Glazier__Lauren.png?width=80&quality=90,wsu
33,Alex Covill,C,6-6,Jr.,"Missoula, MT",Missoula Hellgate HS,https://d1gp0cqcpext3x.cloudfront.net/images/2025/10/9/Covill__Alex.png?width=80&quality=90,wsu
55,Malia Ruud,F,6-2,Fr.,"Pasco, WA",Chiawana HS,https://d1gp0cqcpext3x.cloudfront.net/images/2025/10/9/Ruud__Malia.png?width=80&quality=90,wsu
0,Goundo Diakite Bayo,F,6-1,Fr.,"Barcelona, Spain",IES Carles Vallbona,https://portlandpilots.com/images/2025/10/15/Diakite_Goundoba26web.JPG?width=80&quality=90,portland
2,Dyani Ananiev,G,6-2,R-So.,"St. Andrews, Australia",Wyndham,https://portlandpilots.com/images/2025/10/15/Ananiev_Dyani26web.JPG?width=80&quality=90,portland
3,Florence Dallow,G,6-2,R-So.,"Auckland, New Zealand",Epsom Girls Grammar School,https://portlandpilots.com/images/2025/10/15/Dallow_Florence26web.JPG?width=80&quality=90,portland
5,Aubrey Herrin,G,6-1,Fr.,"Kennewick, WA",Kamiakin HS,https://portlandpilots.com/images/2025/10/15/Herrin_Aubrey26web.JPG?width=80&quality=90,portland
7,Tiffany Barbosa,G,5-10,So.,"Stockholm, Sweden",RIG Lulea,https://portlandpilots.com/images/2025/10/15/Barbosa_Tiffany26web.jpg?width=80&quality=90,portland
9,Jada Kennedy,C,6-5,Fr.,"Melbourne, Australia",Siena College,https://portlandpilots.com/images/2025/10/15/Kennedy_Jada26web.JPG?width=80&quality=90,portland
10,Natalie Fraley,G,6-0,Sr.,"Kelso, WA",Utah State / Kelso HS,https://portlandpilots.com/images/2025/10/15/Fraley_Natalie26web.JPG?width=80&quality=90,portland
12,Brynn Smith,G,6-0,Fr.,"Eugene, OR",Willamette HS,https://portlandpilots.com/images/2025/10/15/Smith_Brynn26web.JPG?width=80&quality=90,portland
14,Caitlin Monahan,G,5-10,R-Fr.,"Mercer Island, WA",Mercer Island HS,https://portlandpilots.com/images/2025/10/15/Monahan_Caitlyn26web.JPG?width=80&quality=90,portland
17,Nicole Anderson,G,5-8,Gr.,"Eastvale, CA",LMU / SMU / Rosary Academy,https://portlandpilots.com/images/2025/10/15/Rodriguez_Nicole26web.JPG?width=80&quality=90,portland
20,Lainey Spear,F,6-2,Jr.,"Portland, OR",Beaverton HS,https://portlandpilots.com/images/2025/10/15/Spear_Lainey26web.JPG?width=80&quality=90,portland
22,Rhyan Mogel,G,5-10,Jr.,"Happy Valley, OR",Clackamas HS,https://portlandpilots.com/images/2025/10/15/Mogel_Rhyan26web.JPG?width=80&quality=90,portland
35,Camille Dake,G,6-0,Fr.,"Vista, CA",Rancho Buena Vista HS,https://portlandpilots.com/images/2025/10/15/Dake_Camille26web.jpg?width=80&quality=90,portland
42,Ella Zimmerman,F/C,6-4,So.,"Redondo Beach, CA",Redondo Union HS,https://portlandpilots.com/images/2025/10/15/Zimmerman_Ella26web.JPG?width=80&quality=90,portland
44,Julia Dalan,C/F,6-3,Fr.,"Centralia, WA",W.F. West HS,https://portlandpilots.com/images/2025/10/15/Dalan_Julia26web.JPG?width=80&quality=90,portland
0,Ysabella Von Seipler,G,5-10,Fr.,"Rocklin, CA",,https://usdtoreros.com/images/2025/10/15/Ysabella_Von_Seipler_Head_Shot.png?width=300,san diego
1,Dresha Moore,F,6-0,So.,"Hawthorne, CA",,https://usdtoreros.com/images/2025/10/15/Dresha_Moore_Headshot.png?width=80&quality=90,san diego
2,Ryanne Bahnsen-Price,F,6-0,Fr.,"Erie, CO",,https://usdtoreros.com/images/2025/10/15/Ryanne_Bahnsen-Price_Head_Shot.png?width=300,san diego
3,Lilly Amor,G,5-11,So.,"Melbourne, Victoria, Australia",,https://usdtoreros.com/images/2025/10/15/Ysabella_Von_Seipler_Head_Shot.png?width=80&quality=90,san diego
4,Jessica Ajayi,G,5-10,Fr.,"Kent, WA",,https://usdtoreros.com/images/2025/10/15/Jessica_Ajayi_Head_Shot.png?width=80&quality=90,san diego
5,Lauren McCall,G,5-6,Jr.,"Boise, ID",,https://usdtoreros.com/images/2025/10/15/Lauren_McCall_Head_Shot.png?width=80&quality=90,san diego
6,Kylie Ray,G,5-8,So.,"La Crescenta, CA",Utah,https://usdtoreros.com/images/2025/10/15/Kylie_Ray_Head_Shot.png?width=80&quality=90,san diego
